{"homography":[[0.0030275081327325506,0.0035442609356606562,-3.1507747861404991],[-5.6487040574214442E-5,-0.0022712548446433664,5.5920211741134134],[-4.2461482845397016E-6,0.0014653437143917953,1]],"rows":3,"cols":4}